timestamp,speed,network_activity,buffer_health,resolution
2023-11-30 13:48:06,36919 Kbps,0 KB,17.90 s,1280x720@24
2023-11-30 13:48:07,36921 Kbps,227 KB,16.89 s,1280x720@24
2023-11-30 13:48:08,36921 Kbps,0 KB,20.97 s,1280x720@24
2023-11-30 13:48:09,39658 Kbps,628 KB,19.96 s,1280x720@24
2023-11-30 13:48:10,41999 Kbps,0 KB,26.73 s,1280x720@24
2023-11-30 13:48:12,41999 Kbps,0 KB,25.72 s,1280x720@24
2023-11-30 13:48:13,41999 Kbps,0 KB,24.71 s,1280x720@24
2023-11-30 13:48:14,48423 Kbps,1590 KB,23.69 s,1280x720@24
2023-11-30 13:48:15,58539 Kbps,0 KB,29.31 s,1280x720@24
2023-11-30 13:48:16,58539 Kbps,0 KB,27.81 s,1280x720@24
2023-11-30 13:48:17,49495 Kbps,0 KB,48.75 s,1280x720@24
2023-11-30 13:48:18,49495 Kbps,0 KB,47.74 s,1280x720@24
2023-11-30 13:48:19,49495 Kbps,0 KB,46.73 s,1280x720@24
2023-11-30 13:48:20,49495 Kbps,0 KB,45.72 s,1280x720@24
2023-11-30 13:48:21,49495 Kbps,0 KB,44.71 s,1280x720@24
2023-11-30 13:48:23,49495 Kbps,0 KB,43.19 s,1280x720@24
2023-11-30 13:48:24,49495 Kbps,0 KB,42.18 s,1280x720@24
2023-11-30 13:48:25,49495 Kbps,0 KB,41.17 s,1280x720@24
2023-11-30 13:48:26,49495 Kbps,0 KB,40.16 s,1280x720@24
2023-11-30 13:48:27,49495 Kbps,0 KB,39.15 s,1280x720@24
2023-11-30 13:48:28,49495 Kbps,0 KB,37.64 s,1280x720@24
2023-11-30 13:48:29,51923 Kbps,0 KB,44.68 s,1280x720@24
2023-11-30 13:48:30,51923 Kbps,0 KB,43.66 s,1280x720@24
2023-11-30 13:48:31,51923 Kbps,0 KB,42.66 s,1280x720@24
2023-11-30 13:48:33,48984 Kbps,0 KB,49.32 s,1280x720@24
2023-11-30 13:48:34,48984 Kbps,0 KB,47.75 s,1280x720@24
2023-11-30 13:48:35,48984 Kbps,0 KB,46.75 s,1280x720@24
2023-11-30 13:48:36,53022 Kbps,961 KB,45.73 s,1280x720@24
2023-11-30 13:48:37,53060 Kbps,0 KB,65.51 s,1280x720@24
2023-11-30 13:48:38,53060 Kbps,0 KB,64.23 s,1280x720@24
2023-11-30 13:48:39,53060 Kbps,0 KB,63.21 s,1280x720@24
2023-11-30 13:48:40,53060 Kbps,0 KB,62.20 s,1280x720@24
2023-11-30 13:48:41,53060 Kbps,0 KB,61.18 s,1280x720@24
2023-11-30 13:48:43,53060 Kbps,0 KB,60.17 s,1280x720@24
2023-11-30 13:48:44,53060 Kbps,0 KB,59.16 s,1280x720@24
2023-11-30 13:48:45,53060 Kbps,0 KB,57.64 s,1280x720@24
2023-11-30 13:48:46,53060 Kbps,0 KB,56.64 s,1280x720@24
2023-11-30 13:48:47,55061 Kbps,339 KB,67.16 s,1280x720@24
2023-11-30 13:48:48,55061 Kbps,0 KB,66.16 s,1280x720@24
2023-11-30 13:48:49,55061 Kbps,0 KB,65.15 s,1280x720@24
2023-11-30 13:48:50,55061 Kbps,0 KB,63.63 s,1280x720@24
2023-11-30 13:48:51,55061 Kbps,0 KB,62.62 s,1280x720@24
2023-11-30 13:48:53,55948 Kbps,0 KB,66.19 s,1280x720@24
2023-11-30 13:48:54,55948 Kbps,0 KB,65.18 s,1280x720@24
2023-11-30 13:48:55,59112 Kbps,0 KB,82.23 s,1280x720@24
2023-11-30 13:48:56,59112 Kbps,0 KB,80.72 s,1280x720@24
2023-11-30 13:48:57,59112 Kbps,0 KB,79.71 s,1280x720@24
2023-11-30 13:48:58,59112 Kbps,0 KB,78.70 s,1280x720@24
2023-11-30 13:48:59,59112 Kbps,0 KB,77.69 s,1280x720@24
2023-11-30 13:49:00,59112 Kbps,0 KB,76.66 s,1280x720@24
2023-11-30 13:49:01,59112 Kbps,0 KB,75.15 s,1280x720@24
2023-11-30 13:49:03,59112 Kbps,0 KB,74.12 s,1280x720@24
2023-11-30 13:49:04,64283 Kbps,1765 KB,73.10 s,1280x720@24
2023-11-30 13:49:05,64283 Kbps,0 KB,82.26 s,1280x720@24
2023-11-30 13:49:06,64283 Kbps,0 KB,81.24 s,1280x720@24
2023-11-30 13:49:07,64283 Kbps,0 KB,79.73 s,1280x720@24
2023-11-30 13:49:08,64283 Kbps,0 KB,83.84 s,1280x720@24
2023-11-30 13:49:09,64283 Kbps,0 KB,82.82 s,1280x720@24
2023-11-30 13:49:10,64283 Kbps,0 KB,81.80 s,1280x720@24
2023-11-30 13:49:11,64283 Kbps,0 KB,80.79 s,1280x720@24
2023-11-30 13:49:13,62763 Kbps,569 KB,81.32 s,1280x720@24
2023-11-30 13:49:14,59299 Kbps,0 KB,82.51 s,1280x720@24
2023-11-30 13:49:15,59299 Kbps,0 KB,81.50 s,1280x720@24
2023-11-30 13:49:16,59299 Kbps,0 KB,80.49 s,1280x720@24
2023-11-30 13:49:17,59299 Kbps,0 KB,82.48 s,1280x720@24
2023-11-30 13:49:18,59299 Kbps,0 KB,81.47 s,1280x720@24
2023-11-30 13:49:19,59299 Kbps,0 KB,86.94 s,1280x720@24
2023-11-30 13:49:20,59299 Kbps,0 KB,85.94 s,1280x720@24
2023-11-30 13:49:21,59299 Kbps,0 KB,84.94 s,1280x720@24
2023-11-30 13:49:23,59299 Kbps,0 KB,83.92 s,1280x720@24
2023-11-30 13:49:24,59299 Kbps,0 KB,82.91 s,1280x720@24
2023-11-30 13:49:25,59299 Kbps,0 KB,81.39 s,1280x720@24
2023-11-30 13:49:26,59299 Kbps,0 KB,80.38 s,1280x720@24
2023-11-30 13:49:27,59299 Kbps,0 KB,82.99 s,1280x720@24
2023-11-30 13:49:28,59299 Kbps,0 KB,81.98 s,1280x720@24
2023-11-30 13:49:29,59299 Kbps,0 KB,80.96 s,1280x720@24
2023-11-30 13:49:30,57473 Kbps,562 KB,79.44 s,1280x720@24
2023-11-30 13:49:31,55548 Kbps,0 KB,85.43 s,1280x720@24
2023-11-30 13:49:32,55548 Kbps,0 KB,84.42 s,1280x720@24
2023-11-30 13:49:34,55548 Kbps,0 KB,83.41 s,1280x720@24
2023-11-30 13:49:35,55548 Kbps,0 KB,82.39 s,1280x720@24
2023-11-30 13:49:36,55548 Kbps,0 KB,80.88 s,1280x720@24
2023-11-30 13:49:37,55548 Kbps,0 KB,79.86 s,1280x720@24
2023-11-30 13:49:38,55548 Kbps,0 KB,81.84 s,1280x720@24
2023-11-30 13:49:39,55548 Kbps,0 KB,80.84 s,1280x720@24
2023-11-30 13:49:40,55548 Kbps,0 KB,79.83 s,1280x720@24
2023-11-30 13:49:41,55548 Kbps,0 KB,83.07 s,1280x720@24
2023-11-30 13:49:42,55548 Kbps,0 KB,82.05 s,1280x720@24
2023-11-30 13:49:44,55548 Kbps,0 KB,81.04 s,1280x720@24
2023-11-30 13:49:45,55548 Kbps,0 KB,80.03 s,1280x720@24
2023-11-30 13:49:46,55226 Kbps,491 KB,86.01 s,1280x720@24
2023-11-30 13:49:47,55710 Kbps,0 KB,84.49 s,1280x720@24
2023-11-30 13:49:48,55710 Kbps,0 KB,83.48 s,1280x720@24
2023-11-30 13:49:49,55710 Kbps,0 KB,82.47 s,1280x720@24
2023-11-30 13:49:50,55710 Kbps,0 KB,81.45 s,1280x720@24
2023-11-30 13:49:51,55710 Kbps,0 KB,80.44 s,1280x720@24
2023-11-30 13:49:52,55710 Kbps,0 KB,84.63 s,1280x720@24
2023-11-30 13:49:54,55710 Kbps,0 KB,83.61 s,1280x720@24
2023-11-30 13:49:55,55710 Kbps,0 KB,82.60 s,1280x720@24
2023-11-30 13:49:56,55710 Kbps,0 KB,81.57 s,1280x720@24
2023-11-30 13:49:57,55710 Kbps,0 KB,80.56 s,1280x720@24
2023-11-30 13:49:58,55710 Kbps,0 KB,86.05 s,1280x720@24
2023-11-30 13:49:59,55710 Kbps,0 KB,85.04 s,1280x720@24
2023-11-30 13:50:00,55710 Kbps,0 KB,84.02 s,1280x720@24
2023-11-30 13:50:01,55710 Kbps,0 KB,83.00 s,1280x720@24
2023-11-30 13:50:02,55710 Kbps,0 KB,81.99 s,1280x720@24
2023-11-30 13:50:04,55710 Kbps,0 KB,80.45 s,1280x720@24
2023-11-30 13:50:05,55710 Kbps,0 KB,79.45 s,1280x720@24
2023-11-30 13:50:06,55710 Kbps,0 KB,83.18 s,1280x720@24
2023-11-30 13:50:07,55710 Kbps,0 KB,82.16 s,1280x720@24
2023-11-30 13:50:08,55710 Kbps,0 KB,81.15 s,1280x720@24
2023-11-30 13:50:09,55710 Kbps,0 KB,79.63 s,1280x720@24
2023-11-30 13:50:10,55922 Kbps,0 KB,82.75 s,1280x720@24
2023-11-30 13:50:11,55922 Kbps,0 KB,81.75 s,1280x720@24
2023-11-30 13:50:12,55922 Kbps,0 KB,80.73 s,1280x720@24
2023-11-30 13:50:14,55922 Kbps,0 KB,79.71 s,1280x720@24
2023-11-30 13:50:15,55922 Kbps,0 KB,85.70 s,1280x720@24
2023-11-30 13:50:16,55922 Kbps,0 KB,84.18 s,1280x720@24
2023-11-30 13:50:17,55922 Kbps,0 KB,83.15 s,1280x720@24
2023-11-30 13:50:18,55922 Kbps,0 KB,82.15 s,1280x720@24
2023-11-30 13:50:19,55922 Kbps,0 KB,81.12 s,1280x720@24
2023-11-30 13:50:20,55922 Kbps,0 KB,79.60 s,1280x720@24
2023-11-30 13:50:21,56816 Kbps,0 KB,81.97 s,1280x720@24
2023-11-30 13:50:22,56816 Kbps,0 KB,80.96 s,1280x720@24
2023-11-30 13:50:23,56816 Kbps,0 KB,85.95 s,1280x720@24
2023-11-30 13:50:25,56816 Kbps,0 KB,84.95 s,1280x720@24
2023-11-30 13:50:26,56816 Kbps,0 KB,83.92 s,1280x720@24
2023-11-30 13:50:27,56816 Kbps,0 KB,82.40 s,1280x720@24
2023-11-30 13:50:28,56816 Kbps,0 KB,81.40 s,1280x720@24
2023-11-30 13:50:29,56816 Kbps,0 KB,80.38 s,1280x720@24
2023-11-30 13:50:30,55045 Kbps,440 KB,79.37 s,1280x720@24
2023-11-30 13:50:31,53825 Kbps,0 KB,84.02 s,1280x720@24
2023-11-30 13:50:32,53825 Kbps,0 KB,82.49 s,1280x720@24
2023-11-30 13:50:33,53825 Kbps,0 KB,81.47 s,1280x720@24
2023-11-30 13:50:35,53825 Kbps,0 KB,80.46 s,1280x720@24
2023-11-30 13:50:36,53825 Kbps,0 KB,86.45 s,1280x720@24
2023-11-30 13:50:37,53825 Kbps,0 KB,85.43 s,1280x720@24
2023-11-30 13:50:38,53825 Kbps,0 KB,83.90 s,1280x720@24
2023-11-30 13:50:39,53825 Kbps,0 KB,82.89 s,1280x720@24
2023-11-30 13:50:40,53825 Kbps,0 KB,81.88 s,1280x720@24
2023-11-30 13:50:41,53825 Kbps,0 KB,80.86 s,1280x720@24
2023-11-30 13:50:42,53825 Kbps,0 KB,79.85 s,1280x720@24
2023-11-30 13:50:44,53825 Kbps,0 KB,81.66 s,1280x720@24
2023-11-30 13:50:45,53825 Kbps,0 KB,80.65 s,1280x720@24
2023-11-30 13:50:46,53874 Kbps,122 KB,79.63 s,1280x720@24
2023-11-30 13:50:47,48311 Kbps,791 KB,78.62 s,1280x720@24
2023-11-30 13:50:48,46003 Kbps,0 KB,81.33 s,1280x720@24
2023-11-30 13:50:49,46003 Kbps,0 KB,86.22 s,1280x720@24
2023-11-30 13:50:50,46003 Kbps,0 KB,85.20 s,1280x720@24
2023-11-30 13:50:51,46003 Kbps,0 KB,84.19 s,1280x720@24
2023-11-30 13:50:52,46003 Kbps,0 KB,83.17 s,1280x720@24
2023-11-30 13:50:53,46003 Kbps,0 KB,82.17 s,1280x720@24
2023-11-30 13:50:55,46003 Kbps,0 KB,80.64 s,1280x720@24
2023-11-30 13:50:56,46003 Kbps,0 KB,79.63 s,1280x720@24
2023-11-30 13:50:57,46003 Kbps,0 KB,81.62 s,1280x720@24
2023-11-30 13:50:58,46003 Kbps,0 KB,80.59 s,1280x720@24
2023-11-30 13:50:59,46003 Kbps,0 KB,79.59 s,1280x720@24
2023-11-30 13:51:00,46003 Kbps,0 KB,82.07 s,1280x720@24
2023-11-30 13:51:01,46003 Kbps,0 KB,81.06 s,1280x720@24
2023-11-30 13:51:02,46003 Kbps,0 KB,80.04 s,1280x720@24
2023-11-30 13:51:04,46003 Kbps,0 KB,82.11 s,1280x720@24
2023-11-30 13:51:05,46003 Kbps,0 KB,81.10 s,1280x720@24
2023-11-30 13:51:06,46014 Kbps,446 KB,79.58 s,1280x720@24
2023-11-30 13:51:07,45908 Kbps,0 KB,85.57 s,1280x720@24
2023-11-30 13:51:08,45908 Kbps,0 KB,84.56 s,1280x720@24
2023-11-30 13:51:09,45908 Kbps,0 KB,83.55 s,1280x720@24
2023-11-30 13:51:10,45908 Kbps,0 KB,82.53 s,1280x720@24
2023-11-30 13:51:11,45908 Kbps,0 KB,81.00 s,1280x720@24
2023-11-30 13:51:12,45908 Kbps,0 KB,80.00 s,1280x720@24
2023-11-30 13:51:14,45908 Kbps,0 KB,83.74 s,1280x720@24
2023-11-30 13:51:15,45908 Kbps,0 KB,82.73 s,1280x720@24
2023-11-30 13:51:16,45908 Kbps,0 KB,81.72 s,1280x720@24
2023-11-30 13:51:17,45908 Kbps,0 KB,80.21 s,1280x720@24
2023-11-30 13:51:18,40104 Kbps,764 KB,79.20 s,1280x720@24
2023-11-30 13:51:19,38709 Kbps,0 KB,85.19 s,1280x720@24
2023-11-30 13:51:20,38709 Kbps,0 KB,84.18 s,1280x720@24
2023-11-30 13:51:21,38709 Kbps,0 KB,83.16 s,1280x720@24
2023-11-30 13:51:22,38709 Kbps,0 KB,81.89 s,1280x720@24
2023-11-30 13:51:24,38709 Kbps,0 KB,80.88 s,1280x720@24
2023-11-30 13:51:25,38709 Kbps,0 KB,79.86 s,1280x720@24
2023-11-30 13:51:26,38709 Kbps,0 KB,83.85 s,1280x720@24
2023-11-30 13:51:27,38709 Kbps,0 KB,82.85 s,1280x720@24
2023-11-30 13:51:28,38709 Kbps,0 KB,81.31 s,1280x720@24
2023-11-30 13:51:29,38709 Kbps,0 KB,80.30 s,1280x720@24
2023-11-30 13:51:30,30324 Kbps,689 KB,79.30 s,1280x720@24
2023-11-30 13:51:31,29548 Kbps,0 KB,85.28 s,1280x720@24
2023-11-30 13:51:32,22543 Kbps,289 KB,84.25 s,1280x720@24
2023-11-30 13:51:34,22543 Kbps,0 KB,82.73 s,1280x720@24
2023-11-30 13:51:35,22543 Kbps,0 KB,81.72 s,1280x720@24
2023-11-30 13:51:36,22543 Kbps,0 KB,80.71 s,1280x720@24
2023-11-30 13:51:37,22543 Kbps,0 KB,86.62 s,1280x720@24
2023-11-30 13:51:38,22543 Kbps,0 KB,85.09 s,1280x720@24
2023-11-30 13:51:39,22543 Kbps,0 KB,84.08 s,1280x720@24
2023-11-30 13:51:40,22543 Kbps,0 KB,83.07 s,1280x720@24
2023-11-30 13:51:41,22543 Kbps,0 KB,82.04 s,1280x720@24
2023-11-30 13:51:42,22543 Kbps,0 KB,81.04 s,1280x720@24
2023-11-30 13:51:44,22543 Kbps,0 KB,80.02 s,1280x720@24
2023-11-30 13:51:45,22543 Kbps,0 KB,85.49 s,1280x720@24
2023-11-30 13:51:46,22543 Kbps,0 KB,84.46 s,1280x720@24
2023-11-30 13:51:47,22543 Kbps,0 KB,83.45 s,1280x720@24
2023-11-30 13:51:48,22543 Kbps,0 KB,82.44 s,1280x720@24
2023-11-30 13:51:49,22543 Kbps,0 KB,81.43 s,1280x720@24
2023-11-30 13:51:50,22543 Kbps,0 KB,82.90 s,1280x720@24
2023-11-30 13:51:51,22543 Kbps,0 KB,81.89 s,1280x720@24
2023-11-30 13:51:52,22543 Kbps,0 KB,80.87 s,1280x720@24
2023-11-30 13:51:54,22543 Kbps,0 KB,79.85 s,1280x720@24
2023-11-30 13:51:55,22490 Kbps,134 KB,78.84 s,1280x720@24
2023-11-30 13:51:56,22490 Kbps,0 KB,83.33 s,1280x720@24
2023-11-30 13:51:57,22490 Kbps,0 KB,82.32 s,1280x720@24
2023-11-30 13:51:58,22490 Kbps,0 KB,81.29 s,1280x720@24
2023-11-30 13:51:59,22490 Kbps,0 KB,80.27 s,1280x720@24
2023-11-30 13:52:00,22490 Kbps,0 KB,84.38 s,1280x720@24
2023-11-30 13:52:01,22490 Kbps,0 KB,82.84 s,1280x720@24
2023-11-30 13:52:02,22490 Kbps,0 KB,81.83 s,1280x720@24
2023-11-30 13:52:04,22490 Kbps,0 KB,80.82 s,1280x720@24
2023-11-30 13:52:05,22490 Kbps,0 KB,79.79 s,1280x720@24
2023-11-30 13:52:06,22490 Kbps,0 KB,85.57 s,1280x720@24
2023-11-30 13:52:07,22490 Kbps,0 KB,84.04 s,1280x720@24
2023-11-30 13:52:08,22490 Kbps,0 KB,83.03 s,1280x720@24
2023-11-30 13:52:09,22490 Kbps,0 KB,82.02 s,1280x720@24
2023-11-30 13:52:10,22490 Kbps,0 KB,81.01 s,1280x720@24
2023-11-30 13:52:11,22490 Kbps,0 KB,80.00 s,1280x720@24
2023-11-30 13:52:12,20847 Kbps,65 KB,78.48 s,1280x720@24
2023-11-30 13:52:14,20234 Kbps,10 KB,77.47 s,1280x720@24
2023-11-30 13:52:15,19822 Kbps,30 KB,76.46 s,1280x720@24
2023-11-30 13:52:16,18631 Kbps,22 KB,78.65 s,1280x720@24
2023-11-30 13:52:17,16522 Kbps,23 KB,79.02 s,1280x720@24
2023-11-30 13:52:18,14611 Kbps,44 KB,79.50 s,1280x720@24
2023-11-30 13:52:19,11291 Kbps,0 KB,80.49 s,1280x720@24
2023-11-30 13:52:20,11291 Kbps,0 KB,79.48 s,1280x720@24
2023-11-30 13:52:21,11291 Kbps,0 KB,80.09 s,1280x720@24
2023-11-30 13:52:22,11291 Kbps,0 KB,79.34 s,1280x720@24
2023-11-30 13:52:23,4628 Kbps,62 KB,77.80 s,1280x720@24
2023-11-30 13:52:25,1498 Kbps,66 KB,76.79 s,1280x720@24
2023-11-30 13:52:26,1416 Kbps,57 KB,75.78 s,1280x720@24
2023-11-30 13:52:27,1392 Kbps,20 KB,77.44 s,1280x720@24
2023-11-30 13:52:28,1386 Kbps,39 KB,76.42 s,1280x720@24
2023-11-30 13:52:29,1383 Kbps,23 KB,74.90 s,1280x720@24
2023-11-30 13:52:30,1383 Kbps,61 KB,73.89 s,1280x720@24
2023-11-30 13:52:31,1383 Kbps,19 KB,72.88 s,1280x720@24
2023-11-30 13:52:32,1383 Kbps,0 KB,71.86 s,1280x720@24
2023-11-30 13:52:33,1317 Kbps,7 KB,70.86 s,1280x720@24
2023-11-30 13:52:35,1323 Kbps,7 KB,69.34 s,1280x720@24
2023-11-30 13:52:36,1342 Kbps,40 KB,68.33 s,1280x720@24
2023-11-30 13:52:37,1296 Kbps,43 KB,77.49 s,1280x720@24
2023-11-30 13:52:38,1275 Kbps,42 KB,76.48 s,1280x720@24
2023-11-30 13:52:39,1331 Kbps,65 KB,75.47 s,1280x720@24
2023-11-30 13:52:40,1358 Kbps,65 KB,73.93 s,1280x720@24
2023-11-30 13:52:41,1399 Kbps,26 KB,72.93 s,1280x720@24
2023-11-30 13:52:42,1357 Kbps,29 KB,71.90 s,1280x720@24
2023-11-30 13:52:43,1382 Kbps,51 KB,70.89 s,1280x720@24
2023-11-30 13:52:45,1362 Kbps,20 KB,69.87 s,1280x720@24
2023-11-30 13:52:46,1395 Kbps,37 KB,68.35 s,1280x720@24
2023-11-30 13:52:47,1402 Kbps,42 KB,67.34 s,1280x720@24
2023-11-30 13:52:48,1372 Kbps,22 KB,66.32 s,1280x720@24
2023-11-30 13:52:49,1332 Kbps,0 KB,86.31 s,1280x720@24
2023-11-30 13:52:50,1332 Kbps,0 KB,85.30 s,1280x720@24
2023-11-30 13:52:51,1332 Kbps,0 KB,83.79 s,1280x720@24
2023-11-30 13:52:52,1332 Kbps,0 KB,82.77 s,1280x720@24
2023-11-30 13:52:53,1332 Kbps,0 KB,81.75 s,1280x720@24
2023-11-30 13:52:55,1332 Kbps,0 KB,80.74 s,1280x720@24
2023-11-30 13:52:56,1332 Kbps,0 KB,86.72 s,1280x720@24
2023-11-30 13:52:57,1332 Kbps,0 KB,85.70 s,1280x720@24
2023-11-30 13:52:58,1332 Kbps,0 KB,84.19 s,1280x720@24
2023-11-30 13:52:59,1332 Kbps,0 KB,83.17 s,1280x720@24
2023-11-30 13:53:00,1332 Kbps,0 KB,82.16 s,1280x720@24
2023-11-30 13:53:01,1332 Kbps,0 KB,81.15 s,1280x720@24
2023-11-30 13:53:02,1332 Kbps,0 KB,80.14 s,1280x720@24
2023-11-30 13:53:03,1282 Kbps,56 KB,78.60 s,1280x720@24
2023-11-30 13:53:05,1300 Kbps,42 KB,77.59 s,1280x720@24
2023-11-30 13:53:06,1256 Kbps,33 KB,76.57 s,1280x720@24
2023-11-30 13:53:07,1256 Kbps,30 KB,75.55 s,1280x720@24
2023-11-30 13:53:08,1256 Kbps,43 KB,74.54 s,1280x720@24
2023-11-30 13:53:09,1256 Kbps,38 KB,73.01 s,1280x720@24
2023-11-30 13:53:10,1272 Kbps,39 KB,72.00 s,1280x720@24
2023-11-30 13:53:11,1279 Kbps,39 KB,70.99 s,1280x720@24
2023-11-30 13:53:12,1268 Kbps,47 KB,69.98 s,1280x720@24
2023-11-30 13:53:13,1276 Kbps,11 KB,70.81 s,1280x720@24
2023-11-30 13:53:15,1296 Kbps,36 KB,69.28 s,1280x720@24
2023-11-30 13:53:16,1329 Kbps,43 KB,68.26 s,1280x720@24
2023-11-30 13:53:17,1313 Kbps,19 KB,85.75 s,1280x720@24
2023-11-30 13:53:18,1286 Kbps,41 KB,84.73 s,1280x720@24
2023-11-30 13:53:19,1287 Kbps,20 KB,83.69 s,1280x720@24
2023-11-30 13:53:20,1273 Kbps,29 KB,82.18 s,1280x720@24
2023-11-30 13:53:21,1253 Kbps,36 KB,81.17 s,1280x720@24
2023-11-30 13:53:22,1247 Kbps,0 KB,80.16 s,1280x720@24
2023-11-30 13:53:23,1247 Kbps,0 KB,84.16 s,1280x720@24
2023-11-30 13:53:25,1247 Kbps,0 KB,83.14 s,1280x720@24
2023-11-30 13:53:26,1247 Kbps,0 KB,81.63 s,1280x720@24
2023-11-30 13:53:27,1247 Kbps,0 KB,80.61 s,1280x720@24
2023-11-30 13:53:28,1247 Kbps,0 KB,79.60 s,1280x720@24
2023-11-30 13:53:29,1247 Kbps,0 KB,82.50 s,1280x720@24
2023-11-30 13:53:30,1247 Kbps,0 KB,81.49 s,1280x720@24
2023-11-30 13:53:31,1247 Kbps,0 KB,86.97 s,1280x720@24
2023-11-30 13:53:32,1247 Kbps,0 KB,85.96 s,1280x720@24
2023-11-30 13:53:33,1247 Kbps,0 KB,84.95 s,1280x720@24
2023-11-30 13:53:35,1247 Kbps,0 KB,83.92 s,1280x720@24
2023-11-30 13:53:36,1247 Kbps,0 KB,82.90 s,1280x720@24
2023-11-30 13:53:37,1247 Kbps,0 KB,81.38 s,1280x720@24
2023-11-30 13:53:38,1247 Kbps,0 KB,80.36 s,1280x720@24
2023-11-30 13:53:39,1247 Kbps,31 KB,79.35 s,1280x720@24
2023-11-30 13:53:40,1230 Kbps,47 KB,78.34 s,1280x720@24
2023-11-30 13:53:41,1254 Kbps,38 KB,77.33 s,1280x720@24
2023-11-30 13:53:42,1225 Kbps,12 KB,75.81 s,1280x720@24
2023-11-30 13:53:43,1140 Kbps,11 KB,74.80 s,1280x720@24
2023-11-30 13:53:45,1105 Kbps,7 KB,73.80 s,1280x720@24
2023-11-30 13:53:46,1105 Kbps,6 KB,72.78 s,1280x720@24
2023-11-30 13:53:47,1105 Kbps,4 KB,75.58 s,1280x720@24
2023-11-30 13:53:48,1105 Kbps,6 KB,74.35 s,1280x720@24
2023-11-30 13:53:49,1105 Kbps,5 KB,73.55 s,1280x720@24
2023-11-30 13:53:50,1105 Kbps,7 KB,72.91 s,1280x720@24
2023-11-30 13:53:51,1105 Kbps,7 KB,72.07 s,1280x720@24
2023-11-30 13:53:52,1105 Kbps,8 KB,71.43 s,1280x720@24
2023-11-30 13:53:53,1105 Kbps,7 KB,70.80 s,1280x720@24
2023-11-30 13:53:55,428 Kbps,8 KB,69.28 s,1280x720@24
2023-11-30 13:53:56,415 Kbps,8 KB,68.26 s,1280x720@24
2023-11-30 13:53:57,415 Kbps,0 KB,67.25 s,1280x720@24
2023-11-30 13:53:58,415 Kbps,18 KB,66.28 s,1280x720@24
2023-11-30 13:53:59,415 Kbps,7 KB,66.06 s,1280x720@24
2023-11-30 13:54:00,415 Kbps,23 KB,64.55 s,1280x720@24
2023-11-30 13:54:01,415 Kbps,8 KB,63.54 s,1280x720@24
2023-11-30 13:54:02,415 Kbps,24 KB,62.53 s,1280x720@24
2023-11-30 13:54:03,415 Kbps,13 KB,61.51 s,1280x720@24
2023-11-30 13:54:04,415 Kbps,13 KB,60.51 s,1280x720@24
2023-11-30 13:54:06,415 Kbps,13 KB,58.97 s,1280x720@24
2023-11-30 13:54:07,487 Kbps,11 KB,57.96 s,1280x720@24
2023-11-30 13:54:08,491 Kbps,11 KB,56.96 s,1280x720@24
2023-11-30 13:54:09,510 Kbps,0 KB,55.94 s,1280x720@24
2023-11-30 13:54:10,510 Kbps,0 KB,54.92 s,1280x720@24
2023-11-30 13:54:11,514 Kbps,47 KB,53.41 s,1280x720@24
2023-11-30 13:54:12,522 Kbps,42 KB,52.40 s,1280x720@24
2023-11-30 13:54:13,514 Kbps,7 KB,51.38 s,1280x720@24
2023-11-30 13:54:14,513 Kbps,32 KB,50.37 s,1280x720@24
2023-11-30 13:54:16,516 Kbps,16 KB,49.36 s,1280x720@24
2023-11-30 13:54:17,514 Kbps,0 KB,54.80 s,1280x720@24
2023-11-30 13:54:18,520 Kbps,1 KB,54.96 s,1280x720@24
2023-11-30 13:54:19,520 Kbps,0 KB,53.94 s,1280x720@24
2023-11-30 13:54:20,521 Kbps,14 KB,52.92 s,1280x720@24
2023-11-30 13:54:21,521 Kbps,0 KB,51.91 s,1280x720@24
2023-11-30 13:54:22,523 Kbps,0 KB,50.39 s,1280x720@24
2023-11-30 13:54:23,525 Kbps,60 KB,49.38 s,1280x720@24
2023-11-30 13:54:24,530 Kbps,26 KB,48.36 s,1280x720@24
2023-11-30 13:54:26,530 Kbps,10 KB,47.36 s,1280x720@24
2023-11-30 13:54:27,534 Kbps,14 KB,46.35 s,1280x720@24
2023-11-30 13:54:28,529 Kbps,13 KB,44.83 s,1280x720@24
2023-11-30 13:54:29,530 Kbps,0 KB,43.81 s,1280x720@24
2023-11-30 13:54:30,530 Kbps,0 KB,42.79 s,1280x720@24
2023-11-30 13:54:31,531 Kbps,53 KB,41.78 s,1280x720@24
2023-11-30 13:54:32,523 Kbps,17 KB,49.44 s,1280x720@24
2023-11-30 13:54:33,526 Kbps,11 KB,47.92 s,1280x720@24
2023-11-30 13:54:34,526 Kbps,42 KB,46.90 s,1280x720@24
2023-11-30 13:54:36,531 Kbps,19 KB,45.89 s,1280x720@24
2023-11-30 13:54:37,533 Kbps,17 KB,44.88 s,1280x720@24
2023-11-30 13:54:38,525 Kbps,8 KB,43.88 s,1280x720@24
2023-11-30 13:54:39,528 Kbps,13 KB,42.35 s,1280x720@24
2023-11-30 13:54:40,537 Kbps,19 KB,41.33 s,1280x720@24
2023-11-30 13:54:41,537 Kbps,0 KB,40.32 s,1280x720@24
2023-11-30 13:54:42,540 Kbps,16 KB,39.30 s,1280x720@24
2023-11-30 13:54:43,540 Kbps,0 KB,38.28 s,1280x720@24
2023-11-30 13:54:44,545 Kbps,11 KB,36.75 s,1280x720@24
2023-11-30 13:54:46,547 Kbps,0 KB,35.74 s,1280x720@24
2023-11-30 13:54:47,548 Kbps,29 KB,34.73 s,1280x720@24
2023-11-30 13:54:48,551 Kbps,8 KB,33.71 s,1280x720@24
2023-11-30 13:54:49,545 Kbps,14 KB,32.70 s,1280x720@24
2023-11-30 13:54:50,534 Kbps,0 KB,31.18 s,1280x720@24
2023-11-30 13:54:51,532 Kbps,14 KB,30.18 s,1280x720@24
2023-11-30 13:54:52,531 Kbps,33 KB,29.16 s,1280x720@24
2023-11-30 13:54:53,531 Kbps,42 KB,28.15 s,1280x720@24
2023-11-30 13:54:54,528 Kbps,0 KB,27.14 s,1280x720@24
2023-11-30 13:54:56,531 Kbps,16 KB,25.63 s,1280x720@24
2023-11-30 13:54:57,535 Kbps,0 KB,24.61 s,1280x720@24
2023-11-30 13:54:58,569 Kbps,38 KB,23.60 s,1280x720@24
2023-11-30 13:54:59,569 Kbps,0 KB,22.59 s,1280x720@24
2023-11-30 13:55:00,552 Kbps,16 KB,21.58 s,1280x720@24
2023-11-30 13:55:01,542 Kbps,13 KB,20.05 s,1280x720@24
2023-11-30 13:55:02,544 Kbps,45 KB,19.03 s,1280x720@24
2023-11-30 13:55:03,518 Kbps,0 KB,18.03 s,1280x720@24
2023-11-30 13:55:04,524 Kbps,45 KB,17.00 s,1280x720@24
2023-11-30 13:55:06,527 Kbps,0 KB,16.00 s,1280x720@24
2023-11-30 13:55:07,534 Kbps,0 KB,14.98 s,1280x720@24
2023-11-30 13:55:08,516 Kbps,0 KB,26.04 s,1280x720@24
2023-11-30 13:55:09,515 Kbps,16 KB,25.02 s,1280x720@24
2023-11-30 13:55:10,516 Kbps,2 KB,24.01 s,1280x720@24
2023-11-30 13:55:11,509 Kbps,11 KB,25.99 s,1280x720@24
2023-11-30 13:55:12,504 Kbps,17 KB,24.72 s,1280x720@24
2023-11-30 13:55:13,506 Kbps,32 KB,23.71 s,1280x720@24
2023-11-30 13:55:14,510 Kbps,0 KB,22.69 s,1280x720@24
2023-11-30 13:55:16,512 Kbps,14 KB,21.68 s,1280x720@24
2023-11-30 13:55:17,512 Kbps,37 KB,20.66 s,1280x720@24
2023-11-30 13:55:18,512 Kbps,1 KB,19.13 s,1280x720@24
2023-11-30 13:55:19,516 Kbps,41 KB,18.11 s,1280x720@24
2023-11-30 13:55:20,516 Kbps,13 KB,17.10 s,1280x720@24
2023-11-30 13:55:21,512 Kbps,0 KB,16.08 s,1280x720@24
2023-11-30 13:55:22,511 Kbps,12 KB,15.08 s,1280x720@24
2023-11-30 13:55:23,505 Kbps,47 KB,14.06 s,1280x720@24
2023-11-30 13:55:24,506 Kbps,7 KB,12.56 s,1280x720@24
2023-11-30 13:55:26,500 Kbps,1 KB,11.54 s,1280x720@24
2023-11-30 13:55:27,501 Kbps,0 KB,10.53 s,1280x720@24
2023-11-30 13:55:28,502 Kbps,0 KB,9.51 s,1280x720@24
2023-11-30 13:55:29,504 Kbps,14 KB,8.51 s,1280x720@24
2023-11-30 13:55:30,442 Kbps,13 KB,13.69 s,1280x720@24
2023-11-30 13:55:31,431 Kbps,20 KB,15.95 s,1280x720@24
2023-11-30 13:55:32,430 Kbps,11 KB,14.94 s,1280x720@24
2023-11-30 13:55:33,429 Kbps,0 KB,15.24 s,1280x720@24
2023-11-30 13:55:34,437 Kbps,14 KB,14.23 s,1280x720@24
2023-11-30 13:55:36,439 Kbps,0 KB,12.70 s,1280x720@24
2023-11-30 13:55:37,429 Kbps,11 KB,11.69 s,1280x720@24
2023-11-30 13:55:38,432 Kbps,0 KB,10.68 s,1280x720@24
2023-11-30 13:55:39,432 Kbps,5 KB,12.03 s,1280x720@24
2023-11-30 13:55:40,427 Kbps,10 KB,11.02 s,1280x720@24
2023-11-30 13:55:41,422 Kbps,2 KB,14.13 s,1280x720@24
2023-11-30 13:55:42,417 Kbps,12 KB,13.12 s,1280x720@24
2023-11-30 13:55:43,415 Kbps,12 KB,12.10 s,1280x720@24
2023-11-30 13:55:44,410 Kbps,8 KB,11.09 s,1280x720@24
2023-11-30 13:55:46,408 Kbps,0 KB,10.05 s,1280x720@24
2023-11-30 13:55:47,409 Kbps,0 KB,8.53 s,1280x720@24
2023-11-30 13:55:48,412 Kbps,13 KB,7.53 s,1280x720@24
2023-11-30 13:55:49,412 Kbps,17 KB,6.51 s,1280x720@24
2023-11-30 13:55:50,414 Kbps,0 KB,5.50 s,1280x720@24
2023-11-30 13:55:51,440 Kbps,20 KB,6.85 s,1280x720@24
2023-11-30 13:55:52,440 Kbps,14 KB,8.81 s,1280x720@24
2023-11-30 13:55:53,355 Kbps,1 KB,7.81 s,1280x720@24
2023-11-30 13:55:54,356 Kbps,16 KB,6.79 s,1280x720@24
2023-11-30 13:55:56,354 Kbps,0 KB,5.78 s,1280x720@24
2023-11-30 13:55:57,354 Kbps,14 KB,4.78 s,1280x720@24
2023-11-30 13:55:58,356 Kbps,44 KB,3.26 s,1280x720@24
2023-11-30 13:55:59,357 Kbps,1 KB,5.12 s,1280x720@24
2023-11-30 13:56:00,359 Kbps,19 KB,4.11 s,1280x720@24
2023-11-30 13:56:01,355 Kbps,18 KB,3.10 s,1280x720@24
2023-11-30 13:56:02,356 Kbps,43 KB,2.09 s,1280x720@24
2023-11-30 13:56:03,413 Kbps,22 KB,2.86 s,1280x720@24
2023-11-30 13:56:04,413 Kbps,2 KB,3.03 s,1280x720@24
2023-11-30 13:56:06,344 Kbps,0 KB,2.45 s,1280x720@24
2023-11-30 13:56:07,336 Kbps,11 KB,1.45 s,1280x720@24
2023-11-30 13:56:08,335 Kbps,14 KB,0.47 s,1280x720@24
2023-11-30 13:56:09,335 Kbps,16 KB,0.00 s,1280x720@24
2023-11-30 13:56:10,335 Kbps,0 KB,0.00 s,1280x720@24
2023-11-30 13:56:11,336 Kbps,5 KB,0.00 s,1280x720@24
2023-11-30 13:56:12,338 Kbps,14 KB,0.00 s,1280x720@24
2023-11-30 13:56:13,338 Kbps,0 KB,0.00 s,1280x720@24
2023-11-30 13:56:14,337 Kbps,0 KB,0.00 s,1280x720@24
2023-11-30 13:56:16,339 Kbps,0 KB,0.08 s,1280x720@24
2023-11-30 13:56:17,346 Kbps,0 KB,0.08 s,1280x720@24
2023-11-30 13:56:18,386 Kbps,4 KB,0.08 s,1280x720@24
2023-11-30 13:56:19,367 Kbps,0 KB,0.08 s,1280x720@24
2023-11-30 13:56:20,368 Kbps,0 KB,0.32 s,1280x720@24
2023-11-30 13:56:21,368 Kbps,0 KB,0.08 s,1280x720@24
2023-11-30 13:56:22,427 Kbps,140 KB,0.68 s,1280x720@24
2023-11-30 13:56:23,433 Kbps,0 KB,0.00 s,1280x720@24
2023-11-30 13:56:24,433 Kbps,4 KB,0.00 s,1280x720@24
2023-11-30 13:56:25,433 Kbps,0 KB,0.00 s,1280x720@24
2023-11-30 13:56:27,433 Kbps,0 KB,0.00 s,1280x720@24
2023-11-30 13:56:28,433 Kbps,0 KB,0.00 s,1280x720@24
2023-11-30 13:56:29,433 Kbps,0 KB,0.00 s,1280x720@24
2023-11-30 13:56:30,460 Kbps,11 KB,0.00 s,1280x720@24
2023-11-30 13:56:31,460 Kbps,0 KB,0.00 s,1280x720@24
2023-11-30 13:56:32,463 Kbps,0 KB,0.00 s,1280x720@24
2023-11-30 13:56:33,465 Kbps,0 KB,0.00 s,1280x720@24
2023-11-30 13:56:34,464 Kbps,1 KB,0.00 s,1280x720@24
2023-11-30 13:56:35,462 Kbps,0 KB,0.00 s,1280x720@24
2023-11-30 13:56:37,462 Kbps,47 KB,0.00 s,1280x720@24
2023-11-30 13:56:38,461 Kbps,0 KB,0.00 s,1280x720@24
2023-11-30 13:56:39,461 Kbps,12 KB,0.00 s,1280x720@24
2023-11-30 13:56:40,461 Kbps,4 KB,0.00 s,1280x720@24
2023-11-30 13:56:41,450 Kbps,10 KB,0.00 s,1280x720@24
2023-11-30 13:56:42,432 Kbps,0 KB,0.24 s,1280x720@24
2023-11-30 13:56:43,441 Kbps,11 KB,0.56 s,1280x720@24
2023-11-30 13:56:44,441 Kbps,0 KB,0.72 s,1280x720@24
2023-11-30 13:56:45,446 Kbps,1 KB,0.75 s,1280x720@24
2023-11-30 13:56:47,446 Kbps,0 KB,0.00 s,1280x720@24
2023-11-30 13:56:48,446 Kbps,12 KB,0.00 s,1280x720@24
2023-11-30 13:56:49,452 Kbps,23 KB,0.00 s,1280x720@24
2023-11-30 13:56:50,448 Kbps,0 KB,0.00 s,1280x720@24
2023-11-30 13:56:51,457 Kbps,7 KB,0.03 s,1280x720@24
2023-11-30 13:56:52,457 Kbps,0 KB,0.03 s,1280x720@24
2023-11-30 13:56:53,459 Kbps,13 KB,0.07 s,1280x720@24
2023-11-30 13:56:54,453 Kbps,6 KB,0.25 s,1280x720@24
2023-11-30 13:56:55,453 Kbps,1 KB,0.00 s,1280x720@24
2023-11-30 13:56:56,453 Kbps,5 KB,0.00 s,1280x720@24
2023-11-30 13:56:58,453 Kbps,0 KB,0.00 s,1280x720@24
2023-11-30 13:56:59,453 Kbps,0 KB,0.00 s,1280x720@24
2023-11-30 13:57:00,458 Kbps,0 KB,0.09 s,1280x720@24
2023-11-30 13:57:01,459 Kbps,0 KB,0.09 s,1280x720@24
2023-11-30 13:57:02,477 Kbps,24 KB,0.09 s,1280x720@24
2023-11-30 13:57:03,477 Kbps,0 KB,0.09 s,1280x720@24
2023-11-30 13:57:04,477 Kbps,0 KB,0.09 s,1280x720@24
2023-11-30 13:57:05,477 Kbps,0 KB,0.09 s,1280x720@24
2023-11-30 13:57:06,469 Kbps,0 KB,0.09 s,1280x720@24
2023-11-30 13:57:08,453 Kbps,62 KB,0.09 s,1280x720@24
2023-11-30 13:57:09,452 Kbps,6 KB,0.09 s,1280x720@24
2023-11-30 13:57:10,452 Kbps,30 KB,0.09 s,1280x720@24
2023-11-30 13:57:11,452 Kbps,39 KB,0.09 s,1280x720@24
2023-11-30 13:57:12,453 Kbps,0 KB,0.09 s,1280x720@24
2023-11-30 13:57:13,454 Kbps,19 KB,0.09 s,1280x720@24
2023-11-30 13:57:14,454 Kbps,0 KB,0.09 s,1280x720@24
2023-11-30 13:57:15,442 Kbps,37 KB,0.09 s,1280x720@24
2023-11-30 13:57:16,456 Kbps,1 KB,0.09 s,1280x720@24
2023-11-30 13:57:18,456 Kbps,14 KB,0.09 s,1280x720@24
2023-11-30 13:57:19,456 Kbps,0 KB,0.09 s,1280x720@24
2023-11-30 13:57:20,456 Kbps,0 KB,0.09 s,1280x720@24
2023-11-30 13:57:21,456 Kbps,0 KB,0.09 s,1280x720@24
2023-11-30 13:57:22,471 Kbps,18 KB,0.09 s,1280x720@24
2023-11-30 13:57:23,472 Kbps,0 KB,0.09 s,1280x720@24
2023-11-30 13:57:24,480 Kbps,13 KB,0.09 s,1280x720@24
2023-11-30 13:57:25,480 Kbps,0 KB,0.09 s,1280x720@24
2023-11-30 13:57:26,460 Kbps,0 KB,0.09 s,1280x720@24
2023-11-30 13:57:28,460 Kbps,0 KB,0.09 s,1280x720@24
2023-11-30 13:57:29,460 Kbps,0 KB,0.09 s,1280x720@24
2023-11-30 13:57:30,460 Kbps,0 KB,0.09 s,1280x720@24
2023-11-30 13:57:31,460 Kbps,0 KB,0.09 s,1280x720@24
2023-11-30 13:57:32,460 Kbps,0 KB,0.09 s,1280x720@24
2023-11-30 13:57:33,460 Kbps,0 KB,0.09 s,1280x720@24
2023-11-30 13:57:34,460 Kbps,0 KB,0.31 s,1280x720@24
2023-11-30 13:57:35,460 Kbps,0 KB,0.31 s,1280x720@24
2023-11-30 13:57:36,431 Kbps,0 KB,0.31 s,1280x720@24
2023-11-30 13:57:38,431 Kbps,0 KB,0.83 s,1280x720@24
2023-11-30 13:57:39,431 Kbps,0 KB,0.83 s,1280x720@24
2023-11-30 13:57:40,393 Kbps,0 KB,1.13 s,1280x720@24
2023-11-30 13:57:41,393 Kbps,0 KB,0.12 s,1280x720@24
2023-11-30 13:57:42,393 Kbps,0 KB,0.10 s,1280x720@24
2023-11-30 13:57:43,103 Kbps,0 KB,0.46 s,1280x720@24
2023-11-30 13:57:44,103 Kbps,0 KB,0.46 s,1280x720@24
2023-11-30 13:57:45,100 Kbps,0 KB,0.46 s,1280x720@24
2023-11-30 13:57:46,100 Kbps,0 KB,0.46 s,1280x720@24
2023-11-30 13:57:47,100 Kbps,0 KB,0.46 s,1280x720@24
2023-11-30 13:57:49,100 Kbps,0 KB,0.46 s,1280x720@24
2023-11-30 13:57:50,100 Kbps,0 KB,0.46 s,1280x720@24
2023-11-30 13:57:51,100 Kbps,0 KB,0.46 s,1280x720@24
2023-11-30 13:57:52,100 Kbps,0 KB,0.46 s,1280x720@24
2023-11-30 13:57:53,100 Kbps,0 KB,0.46 s,1280x720@24
2023-11-30 13:57:54,100 Kbps,0 KB,0.46 s,1280x720@24
2023-11-30 13:57:55,100 Kbps,0 KB,0.46 s,1280x720@24
2023-11-30 13:57:56,100 Kbps,0 KB,0.46 s,1280x720@24
2023-11-30 13:57:57,100 Kbps,0 KB,0.46 s,1280x720@24
2023-11-30 13:57:59,100 Kbps,0 KB,0.46 s,1280x720@24
2023-11-30 13:58:00,100 Kbps,0 KB,1.42 s,1280x720@24
2023-11-30 13:58:01,100 Kbps,0 KB,1.42 s,1280x720@24
2023-11-30 13:58:02,100 Kbps,0 KB,1.42 s,1280x720@24
2023-11-30 13:58:03,100 Kbps,0 KB,1.42 s,1280x720@24
2023-11-30 13:58:04,100 Kbps,0 KB,1.42 s,1280x720@24
2023-11-30 13:58:05,100 Kbps,0 KB,2.36 s,1280x720@24
2023-11-30 13:58:06,100 Kbps,0 KB,2.36 s,1280x720@24
2023-11-30 13:58:08,100 Kbps,0 KB,2.36 s,1280x720@24
2023-11-30 13:58:09,100 Kbps,0 KB,2.36 s,1280x720@24
2023-11-30 13:58:10,100 Kbps,0 KB,2.36 s,1280x720@24
2023-11-30 13:58:11,100 Kbps,0 KB,2.36 s,1280x720@24
2023-11-30 13:58:12,100 Kbps,0 KB,9.22 s,1280x720@24
2023-11-30 13:58:13,100 Kbps,0 KB,8.20 s,1280x720@24
2023-11-30 13:58:14,119 Kbps,10 KB,7.20 s,1280x720@24
2023-11-30 13:58:15,119 Kbps,5 KB,6.18 s,1280x720@24
2023-11-30 13:58:16,119 Kbps,0 KB,5.17 s,1280x720@24
2023-11-30 13:58:18,119 Kbps,0 KB,4.16 s,1280x720@24
2023-11-30 13:58:19,119 Kbps,0 KB,2.64 s,1280x720@24
2023-11-30 13:58:20,119 Kbps,0 KB,1.62 s,1280x720@24
2023-11-30 13:58:21,119 Kbps,8 KB,0.61 s,1280x720@24
2023-11-30 13:58:22,119 Kbps,0 KB,0.00 s,1280x720@24
2023-11-30 13:58:23,119 Kbps,0 KB,0.00 s,1280x720@24
2023-11-30 13:58:24,119 Kbps,0 KB,0.00 s,1280x720@24
2023-11-30 13:58:25,119 Kbps,0 KB,0.00 s,1280x720@24
2023-11-30 13:58:26,119 Kbps,0 KB,0.00 s,1280x720@24
2023-11-30 13:58:28,119 Kbps,0 KB,0.00 s,1280x720@24
2023-11-30 13:58:29,119 Kbps,4 KB,0.00 s,1280x720@24
2023-11-30 13:58:30,119 Kbps,0 KB,0.00 s,1280x720@24
2023-11-30 13:58:31,119 Kbps,0 KB,0.00 s,1280x720@24
2023-11-30 13:58:32,119 Kbps,0 KB,0.00 s,1280x720@24
2023-11-30 13:58:33,119 Kbps,0 KB,0.00 s,1280x720@24
2023-11-30 13:58:34,119 Kbps,0 KB,0.00 s,1280x720@24
2023-11-30 13:58:35,119 Kbps,33 KB,0.00 s,1280x720@24
2023-11-30 13:58:36,119 Kbps,1 KB,0.00 s,1280x720@24
2023-11-30 13:58:37,119 Kbps,0 KB,0.00 s,1280x720@24
2023-11-30 13:58:39,119 Kbps,0 KB,0.00 s,1280x720@24
2023-11-30 13:58:40,119 Kbps,0 KB,0.00 s,1280x720@24
2023-11-30 13:58:41,119 Kbps,0 KB,0.00 s,1280x720@24
2023-11-30 13:58:42,119 Kbps,24 KB,0.00 s,1280x720@24
2023-11-30 13:58:43,119 Kbps,0 KB,0.00 s,1280x720@24
2023-11-30 13:58:44,119 Kbps,0 KB,0.00 s,1280x720@24
2023-11-30 13:58:45,119 Kbps,0 KB,0.00 s,1280x720@24
2023-11-30 13:58:46,119 Kbps,2 KB,0.00 s,1280x720@24
2023-11-30 13:58:47,119 Kbps,5 KB,0.00 s,1280x720@24
2023-11-30 13:58:49,119 Kbps,0 KB,0.00 s,1280x720@24
2023-11-30 13:58:50,119 Kbps,0 KB,0.00 s,1280x720@24
2023-11-30 13:58:51,119 Kbps,0 KB,0.00 s,1280x720@24
2023-11-30 13:58:52,119 Kbps,0 KB,0.13 s,1280x720@24
